icao24,registration,model,operatorIcao
06a016,A7-ADA,A320-232,QTR
06a017,A7-ADB,A320 232,QTR
06a018,A7-ACA,Airbus A330 202,QTR
06a019,A7-ACB,Airbus A330 202,QTR
06a01b,A7-ADC,Airbus A320 232,QTR
06a01e,A7-ACC,A330-202,QTR
06a01f,A7-ACD,Airbus A330 202,QTR
06a022,A7-ADD,Airbus A320 232,QTR
06a023,A7-ADE,Airbus A320 232,QTR
06a024,A7-ACH,Airbus A330 202,QTR
06a026,A7-CJA,A319 133LR,QTR
06a027,A7-ADF,A320-232,QTR
06a028,A7-ADG,A320-232,QTR
06a029,A7-ADH,Airbus A320 232,QTR
06a02b,A7-ADS,A321 231,QTR
06a02c,A7-ACE,Airbus A330 202,QTR
06a02d,A7-ADI,Airbus A320 232,QTR
06a02e,A7-ADJ,Airbus A320 232,QTR
06a02f,A7-ADT,A321-231,QTR
06a030,A7-ACF,Airbus A330 202,QTR
06a031,A7-AEA,A330 302,QTR
06a032,A7-AEB,A330 302,QTR
06a035,A7-AFL,Airbus A330 202,QTR
06a036,A7-AFM,Airbus A330 202,QTR
06a039,A7-CJB,A319 133LR,QTR
06a03c,A7-AEC,A330 302,QTR
06a03d,A7-AED,A330 302,QTR
06a03e,A7-AEE,A330 302,QTR
06a040,A7-AEF,A330 302,QTR
06a041,A7-AEG,A330 302,QTR
06a042,A7-AEH,A330-302,QTR
06a043,A7-AGA,A340 642,QTR
06a044,A7-AGB,A340 642,QTR
06a045,A7-AGC,A340-642,QTR
06a046,A7-ACG,A330-202,QTR
06a047,A7-ACI,A330 202,QTR
06a048,A7-ACJ,Airbus A330 202,QTR
06a049,A7-ACK,A330 202,QTR
06a04a,A7-AEI,A330 302,QTR
06a04b,A7-ACL,A330-202,QTR
06a04c,A7-AEJ,A330 302,QTR
06a04d,A7-AGD,A340 642,QTR
06a04e,A7-ACM,A330 202,QTR
06a050,A7-ADV,A321 231,QTR
06a052,A7-BAA,777 3DZER,QTR
06a053,A7-BAB,777 3DZER,QTR
06a05c,A7-ADK,A321 231,QTR
06a05d,A7-AEM,A330-302,QTR
06a060,A7-AEN,A330 302,QTR
06a061,A7-AEO,A330 302,QTR
06a062,A7-BAC,777-3DZ(ER),QTR
06a063,A7-BAI,777 3DZER,QTR
06a064,A7-BAO,777 3DZER,QTR
06a066,A7-BBA,777 2DZLR,QTR
06a068,A7-BBB,777 2DZLR,QTR
06a069,A7-BAE,777 3DZER,QTR
06a070,A7-BAF,777 3DZER,QTR
06a071,A7-BAG,777-3DZ(ER),QTR
06a072,A7-BAH,777 3DZER,QTR
06a073,A7-BBC,777 2DZLR,QTR
06a074,A7-BBD,777 2DZLR,QTR
06a075,A7-BBE,777 2DZLR,QTR
06a076,A7-BBF,Boeing 777 2DZLR,QTR
06a077,A7-BAJ,777 3DZER,QTR
06a078,A7-BAK,Boeing 777 3DZER,QTR
06a079,A7-BAL,777 3DZER,QTR
06a07a,A7-BAM,777-3DZ(ER),QTR
06a07b,A7-BAN,777 3DZER,QTR
06a07c,A7-BAP,777 3DZER,QTR
06a07d,A7-BBG,777 2DZLR,QTR
06a07e,A7-BBH,777 2DZLR,QTR
06a07f,A7-BFA,Boeing 777-FDZ,QTR
06a080,A7-BFB,777 FDZ,QTR
06a081,A7-BFC,Boeing 777-FDZ,QTR
06a083,A7-BAQ,777 3DZER,QTR
06a087,A7-AHA,A320 232,QTR
06a088,A7-AHB,A320 232,QTR
06a089,A7-AHC,A320 232,QTR
06a08a,A7-AIA,A321 231,QTR
06a08b,A7-AIB,A321 231,QTR
06a08c,A7-AIC,A321 231,QTR
06a08d,A7-AHD,A320 232,QTR
06a08e,A7-AHE,A320 232,QTR
06a08f,A7-AHF,Airbus A320 232,QTR
06a090,A7-AID,A321 231,QTR
06a091,A7-AHG,A320 232,QTR
06a092,A7-AHH,A320 232,QTR
06a093,A7-AHI,A320 232,QTR
06a094,A7-AHJ,A320 232,QTR
06a095,A7-AHL,A320 232,QTR
06a096,A7-AHO,A320 232,QTR
06a097,A7-AHP,A320 232SL,QTR
06a098,A7-AHQ,A320 232SL,QTR
06a099,A7-AHR,A320 232SL,QTR
06a09a,A7-AHS,A320 232,QTR
06a09b,A7-AHT,A320 232,QTR
06a09c,A7-AHU,A320 232,QTR
06a09e,A7-AHW,Airbus A320 232SL,QTR
06a0a5,A7-BCA,787 8,QTR
06a0a6,A7-BCB,787 8,QTR
06a0a7,A7-BCC,787 8,QTR
06a0a8,A7-BCD,787 8,QTR
06a0a9,A7-BCE,787 8,QTR
06a0aa,A7-BCF,787 8,QTR
06a0ab,A7-BCG,787 8,QTR
06a0ac,A7-BCH,787 8,QTR
06a0ad,A7-BCI,787 8,QTR
06a0ae,A7-BCJ,Boeing 787 8,QTR
06a0af,A7-BCK,787 8,QTR
06a0b0,A7-BCL,787 8,QTR
06a0b1,A7-BCM,Boeing 787 8,QTR
06a0b2,A7-BCN,787 8,QTR
06a0b3,A7-BCO,787 8,QTR
06a0b4,A7-BCP,787 8,QTR
06a0b5,A7-BCQ,787 8,QTR
06a0b6,A7-BCR,787 8,QTR
06a0b7,A7-BCS,787 8,QTR
06a0b8,A7-BCT,787 8,QTR
06a0b9,A7-BCU,787 8,QTR
06a0ba,A7-BCV,787 8,QTR
06a0bb,A7-BCW,787-8,QTR
06a0bc,A7-BCX,787 8,QTR
06a0bd,A7-BCY,787 8,QTR
06a0be,A7-BCZ,787 8,QTR
06a0bf,A7-BDA,787 8,QTR
06a0c0,A7-BDB,787 8,QTR
06a0c1,A7-BDC,787 8,QTR
06a0c2,A7-BDD,787 8,QTR
06a0db,A7-BBI,777 2DZLR,QTR
06a0dc,A7-BAS,777 3DZER,QTR
06a0dd,A7-BFD,777-FDZ,QTR
06a0de,A7-BFE,777 FDZ,QTR
06a0df,A7-BFF,777 FDZ,QTR
06a0e0,A7-AMA,A350 941,QTR
06a0e1,A7-AMB,Airbus A350 941,QTR
06a0e2,A7-AMC,Airbus A350 941,QTR
06a0e3,A7-AMD,A350 941,QTR
06a0e4,A7-AME,A350-941,QTR
06a0e5,A7-AMF,A350-900,QTR
06a0e6,A7-AMG,A350-941,QTR
06a0e8,A7-AMI,A350-941,QTR
06a0e9,A7-AMJ,A350-941,QTR
06a0ea,A7-AMK,A350-941,QTR
06a0eb,A7-AML,Airbus A350-941,QTR
06a0f4,A7-ANT,Airbus A350-1041,QTR
06a0f5,A7-ALA,Airbus A350-941,QTR
06a0f6,A7-ALB,A350 941,QTR
06a0f7,A7-ALC,Airbus A350-941,QTR
06a0f8,A7-ALD,A350 941,QTR
06a0f9,A7-ALE,A350 941,QTR
06a0fa,A7-ALF,A350 941,QTR
06a0fb,A7-ALG,A350 941,QTR
06a0fc,A7-ALH,A350 941,QTR
06a0fd,A7-ALI,A350 941,QTR
06a0fe,A7-ALJ,A350 941,QTR
06a0ff,A7-ALK,A350 941,QTR
06a100,A7-ALL,A350 941,QTR
06a101,A7-ALM,A350 941,QTR
06a102,A7-ALN,A350 941,QTR
06a103,A7-ALO,A350 941,QTR
06a104,A7-ALP,A350 941,QTR
06a105,A7-ALQ,Airbus A350 941,QTR
06a106,A7-ALR,A350-941,QTR
06a107,A7-ALS,Airbus A350 941,QTR
06a108,A7-ALT,A350 941,QTR
06a109,A7-ALU,A350 941,QTR
06a10a,A7-ALV,A350 941,QTR
06a10b,A7-ALW,Airbus A350-941,QTR
06a10c,A7-ALX,A350-941,QTR
06a10d,A7-ALY,A350-941,QTR
06a10e,A7-ALZ,A350-941,QTR
06a10f,A7-AOA,A350-1041,QTR
06a110,A7-AOB,Airbus A350-1041,QTR
06a111,A7-AOC,Airbus A350-1041,QTR
06a112,A7-AOD,Airbus A350-1041,QTR
06a11d,A7-ANA,A350 1041,QTR
06a11e,A7-ANB,A350 1041,QTR
06a11f,A7-ANC,A350-1041,QTR
06a120,A7-AND,A350-1041,QTR
06a121,A7-ANE,A350-1041,QTR
06a122,A7-ANF,A350-1041,QTR
06a123,A7-ANG,A350-1041,QTR
06a124,A7-ANH,A350-1041,QTR
06a125,A7-ANI,A350-1041,QTR
06a126,A7-ANJ,A350-1041,QTR
06a127,A7-ANK,A350-1041,QTR
06a128,A7-ANL,A350-1000,QTR
06a129,A7-ANM,A350-1041,QTR
06a12a,A7-ANN,A350-1041,QTR
06a12b,A7-ANO,A350-1041,QTR
06a12c,A7-ANP,A350-1041,QTR
06a12d,A7-ANQ,A350-1000,QTR
06a12e,A7-ANR,A350-1041,QTR
06a12f,A7-ANS,A350-1041,QTR
06a136,A7-BAT,777 3DZER,QTR
06a137,A7-BAU,777 3DZER,QTR
06a138,A7-BAV,777 3DZER,QTR
06a139,A7-BAW,777 3DZER,QTR
06a13a,A7-BAX,777 3DZER,QTR
06a13b,A7-BAY,777 3DZER,QTR
06a13c,A7-BAZ,Boeing 777 3DZER,QTR
06a13d,A7-BEA,777 3DZER,QTR
06a140,A7-BFG,Boeing 777-FDZ,QTR
06a141,A7-BFH,Boeing 777-FDZ,QTR
06a142,A7-APA,A380 861,QTR
06a143,A7-APB,A380 861,QTR
06a144,A7-APC,A380 861,QTR
06a145,A7-APD,A380 861,QTR
06a146,A7-APE,A380 861,QTR
06a147,A7-APF,A380 861,QTR
06a148,A7-APG,A380 861,QTR
06a149,A7-APH,A380 861,QTR
06a14a,A7-API,A380-800,QTR
06a14b,A7-APJ,A380-861,QTR
06a152,A7-AHX,A320 232SL,QTR
06a153,A7-AHY,A320 232SL,QTR
06a190,A7-AFV,Airbus A330 243F,QTR
06a191,A7-AFY,Airbus A330 243F,QTR
06a192,A7-AFZ,Airbus A330 243F,QTR
06a19d,A7-BEB,777 3DZER,QTR
06a19e,A7-BEC,777 3DZER,QTR
06a19f,A7-BED,Boeing 777 3DZER,QTR
06a1a1,A7-AFF,Airbus A330 243F,QTR
06a1a2,A7-AFG,Airbus A330 243F,QTR
06a1a5,A7-AFJ,A330 243F,QTR
06a1b8,A7-LAA,A320 214SL,QTR
06a1bb,A7-BEE,Boeing 777 3DZER,QTR
06a1bc,A7-BEF,777 3DZER,QTR
06a1bd,A7-BEG,777 3DZER,QTR
06a1be,A7-BEH,Boeing 777 3DZER,QTR
06a1bf,A7-BEI,777 3DZER,QTR
06a1c0,A7-BEJ,777-3DZ(ER),QTR
06a1c5,A7-LAD,A320 214SL,QTR
06a1e0,A7-LAF,A320 214SL,QTR
06a1e1,A7-LAG,A320 214SL,QTR
06a1e2,A7-LAH,A320 214SL,QTR
06a1e6,A7-BFI,Boeing 777-FDZ,QTR
06a1e7,A7-BFJ,777 FDZ,QTR
06a1e8,A7-BFK,777 F,QTR
06a1e9,A7-BFL,Boeing 777-F,QTR
06a1ea,A7-BFM,Boeing 777-F,QTR
06a1ec,A7-BFO,777-FDZ,QTR
06a2af,A7-BEK,Boeing 777 3DZER,QTR
06a2b0,A7-BEL,Boeing 777 300ER,QTR
06a2b2,A7-BEN, 777-300(ER),QTR
06a2b4,A7-BEP,777-3DZ(ER),QTR
06a2b5,A7-BEQ,,QTR
06a2b6,A7-BER,B777-300(ER),QTR
06a2c4,A7-BEU,777-3DZ(ER),QTR
06a2c5,A7-BEV,777-300ER,QTR
06a2c7,A7-BEX,Boeing 777-300(ER),QTR
06a2c8,A7-BGA,B748F,QTR
06a2c9,A7-BGB,Boeing 747 8F,QTR
06a2df,A7-BFR,Boeing 777-F,QTR
06a2e1,A7-BFT,Boeing 777F,QTR
06a2e5,A7-BHB,787-9 Dreamliner,QTR
06a2e6,A7-BHC,787-9 Dreamliner,QTR
06a2e7,A7-BHD,787-9 Dreamliner,QTR
06a2f4,A7-BHQ,Boeing 787-9 Dreamliner,QTR
06a2f5,A7-BHR,Boeing 787-9 Dreamliner,QTR
06a2f6,A7-BHS,Boeing 787-9 Dreamliner,QTR
06a2f7,A7-BHT,Boeing 787-9 Dreamliner,QTR
06a2f8,A7-BHU,Boeing 787-9 Dreamliner,QTR
06a2f9,A7-BHV,Boeing 787-9 Dreamliner,QTR
06a2fa,A7-BHW,Boeing 787-9 Dreamliner,QTR
06a305,A7-AQC,A350-941,QTR
06a30b,A7-BFX,B777-LR(F),QTR
06a375,A7-BOD,777-367ER,QTR
06a376,A7-BOE,Boeing 777-3ZG(ER),QTR
06a37c,A7-BOG,Boeing 777-3ZG(ER),QTR
06a37f,A7-BSA,Boeing 737 MAX 8,QTR
06a380,A7-BSB,Boeing 737 MAX 8,QTR
06a381,A7-BSC,Boeing 737 MAX 8,QTR
06a382,A7-BSD,Boeing 737 MAX 8,QTR
06a387,A7-BSE,Boeing 737 MAX 8,QTR
06a388,A7-BSF,Boeing 737 MAX 8,QTR
06a389,A7-BSG,Boeing 737 MAX 8,QTR
06a38a,A7-BSH,Boeing 737 MAX 8,QTR
06a38b,A7-BSI,Boeing 737 MAX 8,QTR
06a38c,A7-BOH,Boeing 777-367(ER),QTR
06a38d,A7-BOI,Boeing 777-367(ER),QTR
06a390,A7-BTA,Boeing 777-F,QTR
06a391,A7-BTB,Boeing 777-F,QTR
06a3b4,A7-BUA,Boeing 787-8 Dreamliner,QTR
06a3b9,A7-ACU,Airbus A330-243,QTR
06a3bd,A7-AEP,Airbus A330-343,QTR
06a3bf,A7-AER,Airbus A330-343,QTR
3005e1,I-SWIA,747 4R7F,QTR
44d103,OO-THC,Boeing 747 4HAERF,UAE
44d104,OO-THD,Boeing 747 4HAERF,UAE
4b8468,TC-ACH,Boeing 747 433BCF,QTR
4bb46c,TC-MCL,Boeing 747 412F,QTR
896004,A6-EHH,Airbus A340 642X,ETD
896052,A6-EMO,Boeing 777 31H,UAE
89607b,A6-EMR,777 31H,UAE
89607d,A6-EMT,777 31H,UAE
89607e,A6-EMU,777 31H,UAE
89607f,A6-EMV,777 31H,UAE
8960c6,A6-EYD,Airbus A330 243,ETD
8960c9,A6-EBB,Boeing 777 36NER,UAE
8960ca,A6-EBC,Boeing 777 36NER,UAE
8960cb,A6-EBD,Boeing 777 31HER,UAE
8960cc,A6-EBE,Boeing 777 36NER,UAE
8960ce,A6-EBG,Boeing 777 36NER,UAE
8960cf,A6-EBH,Boeing 777 31HER,UAE
8960d0,A6-EBI,Boeing 777 36NER,UAE
8960d1,A6-EBJ,Boeing 777 36NER,UAE
8960d2,A6-EBK,777 31HER,UAE
8960d4,A6-EBM,777 31HER,UAE
8960d5,A6-EBN,777 36NER,UAE
8960d6,A6-EBO,777 36NER,UAE
8960d8,A6-EBQ,777 36NER,UAE
8960d9,A6-EBR,777 31HER,UAE
8960da,A6-EBS,Boeing 777 31HER,UAE
8960dc,A6-EBU,777 31HER,UAE
8960de,A6-EBW,777 36NER,UAE
8960e0,A6-EBY,777 36NER,UAE
8960e2,A6-EDA,A380 861,UAE
8960e3,A6-EDB,A380 861,UAE
8960e4,A6-EDC,Airbus A380 861,UAE
8960e5,A6-EDD,A380 861,UAE
8960e6,A6-EDE,A380 861,UAE
8960e7,A6-EDF,A380 861,UAE
8960e8,A6-EDG,A380 861,UAE
8960e9,A6-EDH,A380 861,UAE
8960ea,A6-EDI,Airbus A380 861,UAE
8960eb,A6-EDJ,A380 861,UAE
8960ec,A6-EDK,A380 861,UAE
8960ed,A6-EDL,A380 861,UAE
8960ee,A6-EDM,A380 861,UAE
8960ef,A6-EDN,A380 861,UAE
8960f0,A6-EDO,A380 861,UAE
8960f1,A6-EDP,A380 861,UAE
8960f2,A6-EDQ,A380 861,UAE
8960f3,A6-EDR,A380 861,UAE
8960f4,A6-EDS,A380 861,UAE
8960f5,A6-EDT,A380 861,UAE
8960f6,A6-EDU,A380 861,UAE
8960f7,A6-EDV,Airbus A380 861,UAE
8960f8,A6-EDW,A380 861,UAE
8960f9,A6-EDX,Airbus A380 861,UAE
8960fa,A6-EDY,A380 861,UAE
8960fb,A6-EDZ,A380 861,UAE
896108,A6-ECA,Boeing 777-36N(ER),UAE
896109,A6-ECB,Boeing 777 31HER,UAE
89610a,A6-ECC,Boeing 777-36N(ER),UAE
89610b,A6-ECD,777 36NER,UAE
89610c,A6-ECE,777 31HER,UAE
89610d,A6-ECF,Boeing 777-31H(ER) ,UAE
89610e,A6-ECG,Boeing 777-31H(ER),UAE
89610f,A6-ECH,Boeing 777-31H(ER),UAE
896110,A6-ECI,777 31HER,UAE
896111,A6-ECJ,Boeing 777-31H(ER),UAE
896112,A6-ECK,Boeing 777-31H(ER),UAE
896113,A6-ECL,Boeing 777-36N(ER),UAE
896114,A6-ECM,B777-36N(ER),UAE
896115,A6-ECN,Boeing 777 36NER,UAE
896116,A6-ECO,Boeing 777-36N(ER),UAE
896117,A6-ECP,Boeing 777 36NER,UAE
896118,A6-ECQ,777 31HER,UAE
896119,A6-ECR,Boeing 777-31H(ER),UAE
89611a,A6-ECS,777 31HER,UAE
89611b,A6-ECT,777 31HER,UAE
89611c,A6-ECU,Boeing 777-31H(ER),UAE
89611d,A6-ECV,Boeing 777-31H(ER),UAE
89611e,A6-ECW,Boeing 777-31H(ER),UAE
89611f,A6-ECX,777 31HER,UAE
896120,A6-ECY,777 31HER,UAE
896121,A6-ECZ,777 31HER,UAE
89612b,A6-ETA,777 3FXER,ETD
89612c,A6-ETB,777 3FXER,ETD
89612d,A6-ETC,Boeing 777 3FXER,ETD
89612e,A6-ETD,777 3FXER,ETD
89612f,A6-ETE,777 3FXER,ETD
896133,A6-EYE,A330 243,ETD
89613b,A6-EYF,Airbus A330 243,ETD
89613c,A6-EYG,A330 243,ETD
89613d,A6-EYH,A330 243,ETD
89613e,A6-EYI,A330 243,ETD
896143,A6-EYJ,A330 243,ETD
896145,A6-EHB,Airbus A340 541,ETD
896146,A6-EHC,Airbus A340 541,ETD
896147,A6-EHD,Airbus A340 541,ETD
896160,A6-EYL,A330 243,ETD
896168,A6-EWH,777 21HLR,UAE
896169,A6-EWI,777 21HLR,UAE
89616a,A6-EWJ,777 21HLR,UAE
89616b,A6-EFE,Boeing 777 F1H,UAE
89616c,A6-EFF,Boeing 777 F1H,UAE
89616d,A6-EFG,777 F1H,UAE
89616e,A6-EFH,777 F1H,UAE
89616f,A6-EFI,777 F1H,UAE
896170,A6-EFJ,777 F1H,UAE
896171,A6-EFK,Boeing 777 F1H,UAE
896172,A6-EFL,777 F1H,UAE
896173,A6-EWA,777 21HLR,UAE
896174,A6-EWB,777 21HLR,UAE
896175,A6-EWC,777 21HLR,UAE
896176,A6-EWD,777 21HLR,UAE
896177,A6-EWE,777 21HLR,UAE
896178,A6-EWF,777 21HLR,UAE
896179,A6-EWG,777 21HLR,UAE
89617a,A6-EGB,Boeing 777-31H(ER),UAE
89617b,A6-EGC,777-31H(ER),UAE
89617c,A6-EGD,777 31HER,UAE
89617d,A6-EGE,777 31HER,UAE
89617e,A6-EGF,Boeing 777-31H(ER) ,UAE
89617f,A6-EGG,777 31HER,UAE
896180,A6-EEA,A380 861,UAE
896181,A6-EEB,A380 861,UAE
896182,A6-EEC,A380 861,UAE
896183,A6-EED,A380 861,UAE
896184,A6-EEE,A380 861,UAE
896185,A6-EEF,A380 861,UAE
896186,A6-EEG,A380 861,UAE
896187,A6-EEH,A380 861,UAE
896188,A6-EEI,A380 861,UAE
896189,A6-EEJ,A380 861,UAE
89618a,A6-EEK,A380 861,UAE
89618b,A6-EEL,A380 861,UAE
89618c,A6-EEM,A380 861,UAE
89618d,A6-EEN,A380 861,UAE
89618e,A6-EEO,A380 861,UAE
89618f,A6-EEP,A380 861,UAE
896190,A6-EEQ,,UAE
896191,A6-EER,A380 861,UAE
896192,A6-EES,A380 861,UAE
896193,A6-EET,A380 861,UAE
896194,A6-EEU,A380 861,UAE
896195,A6-EEV,A380 861,UAE
896196,A6-EEW,A380 861,UAE
896197,A6-EEX,A380 861,UAE
896198,A6-EEY,A380 861,UAE
896199,A6-EEZ,A380 861,UAE
89619a,A6-EGA,777 31HER,UAE
89619e,A6-EYK,A330 243,ETD
8961a2,A6-EYM,Airbus A330 243,ETD
8961a3,A6-EYN,Airbus A330 243,ETD
8961a4,A6-EYO,A330 243,ETD
8961a5,A6-EYP,Airbus A330 243,ETD
8961a6,A6-EYQ,A330 243,ETD
8961b2,A6-EHE,Airbus A340 642X,ETD
8961b9,A6-EHF,Airbus A340 642X,ETD
8961c1,A6-EIC,A320 232,ETD
8961c2,A6-EIZ,A320 211,ETD
8961d7,A6-EID,A319 132,ETD
8961d8,A6-EIE,A319 132,ETD
8961e6,A6-EYR,Airbus A330 243,ETD
8961e7,A6-EYS,Airbus A330 243,ETD
8961e8,A6-EIF,A320 232,ETD
8961e9,A6-EIG,A320 232,ETD
8961ea,A6-EIH,A320 232,ETD
8961eb,A6-EII,A320 232,ETD
8961ec,A6-EHI,A340 642X,ETD
8961ed,A6-EHJ,Airbus A340 642X,ETD
8961ee,A6-EHK,Airbus A340 642X,ETD
8961ef,A6-EHL,Airbus A340 642X,ETD
896209,A6-EGH,777 31HER,UAE
89620a,A6-EGI,777 31HER,UAE
89620b,A6-EGJ,777 31HER,UAE
89620c,A6-EGK,777 31HER,UAE
89620d,A6-EGL,777-31HER,UAE
89620e,A6-EGM,777 31HER,UAE
89620f,A6-EGN,777 31HER,UAE
896210,A6-EGO,777 31HER,UAE
896211,A6-EGP,777 31HER,UAE
896212,A6-EGQ,777 31HER,UAE
896213,A6-EGR,Boeing 777-31H(ER),UAE
896214,A6-EGS,777 31HER,UAE
896215,A6-EGT,777 31HER,UAE
896216,A6-EGU,777 31HER,UAE
896217,A6-EGV,777 31HER,UAE
896218,A6-EGW,777 31HER,UAE
896219,A6-EGX,777 31HER,UAE
89621a,A6-EGY,777 31HER,UAE
89621b,A6-EGZ,777 31HER,UAE
896228,A6-EFD,Boeing 777 F1H,UAE
896241,A6-EIK,A320 232,ETD
896255,A6-EIJ,A320 232,ETD
89625a,A6-EIL,A320 232,ETD
89625b,A6-EIM,A320 232,ETD
89625c,A6-EIN,A320 232,ETD
896276,A6-ETF,777 3FXER,ETD
89627b,A6-AED,A321 232SL,ETD
896299,A6-AFA,A330 343E,ETD
89629a,A6-DCA,Airbus A330 243F,ETD
89629b,A6-DCB,Airbus A330 243F,ETD
89629c,A6-AFB,A330 343E,ETD
89629d,A6-AFC,A330 343E,ETD
8962e2,A6-AFD,A330 343E,ETD
8962e3,A6-AFE,A330 343E,ETD
8962e4,A6-AFF,A330 343E,ETD
8962e5,A6-ETG,777 3FXER,ETD
8962e6,A6-ETH,777 3FXER,ETD
8962e7,A6-DDA,Boeing 777 FFX,ETD
896302,A6-CJE,ACJ319 115,UAE
896303,A6-ENA,777 31HER,UAE
896304,A6-ENB,777 31HER,UAE
896305,A6-ENC,777 31HER,UAE
896306,A6-END,777 31HER,UAE
896307,A6-ENE,777 31HER,UAE
896308,A6-ENF,777 31HER,UAE
896309,A6-ENG,777 31HER,UAE
89630a,A6-ENH,777 31HER,UAE
89630b,A6-ENI,777 31HER,UAE
89630c,A6-ENJ,777 31HER,UAE
89630d,A6-ENK,777 31HER,UAE
89630e,A6-ENL,777 31HER,UAE
89630f,A6-ENM,777 31HER,UAE
896310,A6-ENN,777 31HER,UAE
896311,A6-ENO,777 31HER,UAE
896312,A6-ENP,777 31HER,UAE
896313,A6-ENQ,777 31HER,UAE
896314,A6-ENR,777 31HER,UAE
896315,A6-ENS,777 31HER,UAE
896316,A6-ENT,777 31HER,UAE
896317,A6-ENU,Boeing 777-31HER,UAE
896318,A6-ENV,777 31HER,UAE
896319,A6-ENW,777 31HER,UAE
89631a,A6-ENX,777 31HER,UAE
89631b,A6-ENY,777 31HER,UAE
89631c,A6-ENZ,777 31HER,UAE
89631d,A6-EFM,777 F1H,UAE
896325,A6-EIO,A320 232,ETD
896326,A6-ETI,777 3FXER,ETD
896327,A6-ETJ,777 3FXER,ETD
896328,A6-ETK,Boeing 777-3FX(ER),ETD
896329,A6-ETL,Boeing 777-3FX(ER),ETD
89633a,A6-EIP,A320 232,ETD
896341,A6-ETM,777 3FXER,ETD
896342,A6-ETN,777 3FXER,ETD
896343,A6-ETO,777 3FXER,ETD
896346,A6-EIR,A320 232,ETD
896347,A6-EIQ,A320 232,ETD
896353,A6-ETP,Boeing 777-3FX(ER),ETD
896354,A6-ETQ,777 3FXER,ETD
896355,A6-ETR,777 3FXER,ETD
896356,A6-DDB,Boeing 777-FFX,ETD
896357,A6-DDC,777 FFX,ETD
896374,A6-DCC,Airbus A330 243F,ETD
89637c,A6-EIS,A320 232SL,ETD
89637d,A6-EIT,A320 232SL,ETD
896385,A6-EYT,Airbus A330 243,ETD
896386,A6-AEA,A321 231SL,ETD
896388,A6-EIU,A320 232SL,ETD
896396,A6-DCD,A330 243F,ETD
896397,A6-EIV,A320 232SL,ETD
896398,A6-EIW,A320 232SL,ETD
896399,A6-EYU,A330 243,ETD
89639a,A6-EOA,A380 861,UAE
89639b,A6-EOB,A380 861,UAE
89639c,A6-EOC,A380 861,UAE
89639d,A6-EOD,A380 861,UAE
89639e,A6-EOE,A380 861,UAE
89639f,A6-EOF,A380 861,UAE
8963a1,A6-EFN,777 F1H,UAE
8963a2,A6-EFO,777 F1H,UAE
8963a3,A6-EFS,777 F1H,UAE
8963a7,A6-JAA,Boeing 777 35RER,ETD
8963a8,A6-JAB,Boeing 777 35RER,ETD
8963a9,A6-EIX,A320 232SL,ETD
8963aa,A6-AEB,A321 231SL,ETD
8963ab,A6-AEC,A321 231SL,ETD
8963cc,A6-ETS,777 3FXER,ETD
8963cd,A6-APA,A380 861,ETD
8963ce,A6-BLA,787 9,ETD
8963cf,A6-BLB,787 9,ETD
8963d0,A6-EPA,777 31HER,UAE
8963d1,A6-EPB,777 31HER,UAE
8963d2,A6-EPC,777 31HER,UAE
8963d3,A6-EPD,777 31HER,UAE
8963d4,A6-EPE,777 31HER,UAE
8963d5,A6-EPF,777 31HER,UAE
8963d6,A6-EPG,777 31HER,UAE
8963d7,A6-EPH,777 31HER,UAE
8963d8,A6-EPI,777 31HER,UAE
8963d9,A6-EPJ,777 31HER,UAE
8963da,A6-EPK,777 31HER,UAE
8963db,A6-EPL,777 31HER,UAE
8963dc,A6-EPM,Boeing 777-31H(ER),UAE
8963dd,A6-EPN,Boeing 777-31H,UAE
8963de,A6-EPO,777 31HER,UAE
8963df,A6-EPP,777 31HER,UAE
8963e0,A6-EPQ,777 300ER,UAE
8963e1,A6-EPR,777-31H,UAE
8963e2,A6-EPS,777 300ER,UAE
8963e3,A6-EPT,777 300ER,UAE
8963e4,A6-EOG,A380 861,UAE
8963e5,A6-EOH,A380 861,UAE
8963e6,A6-EOI,A380 861,UAE
8963e7,A6-EOJ,A380 861,UAE
8963e8,A6-EOK,A380 861,UAE
8963e9,A6-EOL,A380 861,UAE
8963ea,A6-EOM,A380 861,UAE
8963eb,A6-EON,A380 861,UAE
8963ec,A6-EOO,A380 861,UAE
8963ed,A6-EOP,A380 861,UAE
8963ee,A6-EOQ,A380 861,UAE
8963ef,A6-EOR,A380 861,UAE
8963f0,A6-EOS,A380 861,UAE
8963f1,A6-EOT,Airbus A380 861,UAE
8963f2,A6-EOU,A380 861,UAE
8963f3,A6-EOV,A380 861,UAE
8963f4,A6-EOW,A380 861,UAE
8963f5,A6-EOX,A380 861,UAE
8963f6,A6-EOY,A380 861,UAE
8963f7,A6-EOZ,A380 861,UAE
8963f9,A6-EIY,A320 232SL,ETD
896405,A6-APB,A380 861,ETD
896406,A6-APC,A380 861,ETD
896407,A6-APD,A380 861,ETD
896408,A6-BLC,787 9,ETD
896409,A6-BLD,787 9,ETD
89640a,A6-BLE,B787-9,ETD
896414,A6-JAC,Boeing 777 35RER,ETD
896415,A6-JAD,Boeing 777 35RER,ETD
896416,A6-JAE,Boeing 777 35RER,ETD
896429,A6-EJA,A320 232SL,ETD
89642a,A6-AEE,A321 231SL,ETD
89642b,A6-AEF,A321 231SL,ETD
896439,A6-APE,A380 861,ETD
89643d,A6-AEG,A321 231SL,ETD
89643e,A6-AEH,A321 231SL,ETD
89643f,A6-AEI,A321 231SL,ETD
896440,A6-AEJ,A321 231SL,ETD
896441,A6-DDD,777 FFX,ETD
896442,A6-DDE,777 FFX,ETD
89644a,A6-EPU,777 300ER,UAE
89644b,A6-EPV,777 300ER,UAE
89644c,A6-EPW,777-31H(ER),UAE
89644d,A6-EPX,777-31H(ER),UAE
89644e,A6-EPY,777 300ER,UAE
89644f,A6-EPZ,777 300ER,UAE
896450,A6-EQA,777 300ER,UAE
896451,A6-EQB,777 300ER,UAE
896452,A6-EQC,777 300ER,UAE
896453,A6-EQD,777 300ER,UAE
896454,A6-EQE,Boeing 777-31H(ER),UAE
896455,A6-EQF,777-31H(ER),UAE
896456,A6-EUA,A380 861,UAE
896457,A6-EUB,Airbus 380-861,UAE
896458,A6-EUC,A380 861,UAE
896459,A6-EUD,A380 861,UAE
89645a,A6-EUE,A380 861,UAE
89645b,A6-EUF,A380 861,UAE
896461,A6-APF,A380 861,ETD
896462,A6-APG,A380 861,ETD
896463,A6-APH,Airbus A380 861,ETD
896464,A6-BLF,B787-9,ETD
896465,A6-BLG,787-9 Dreamliner,ETD
896471,A6-EUG,A380 861,UAE
896472,A6-EUH,A380 861,UAE
896473,A6-EUI,A380 861,UAE
896474,A6-EUJ,A380 861,UAE
896475,A6-EUK,Airbus A380 861,UAE
896476,A6-EUL,A380 861,UAE
896477,A6-EUM,A380 842,UAE
896478,A6-EUN,A380 842,UAE
896479,A6-EUO,A380 842,UAE
89647a,A6-EUP,A380 842,UAE
89647b,A6-EUQ,A380 842,UAE
89647c,A6-EUR,A380 842,UAE
89647d,A6-EUS,A380 842,UAE
89647e,A6-EUT,A380 842,UAE
89647f,A6-EUU,A380 842,UAE
896480,A6-EUV,A380 842,UAE
896481,A6-EUW,A380 842,UAE
896482,A6-EUX,A380 842,UAE
896483,A6-EUY,A380 842,UAE
896484,A6-EUZ,Airbus A380 842,UAE
896488,A6-BLH,787 9,ETD
896489,A6-BLI,787 9,ETD
89648a,A6-BLJ,787 9,ETD
89649c,A6-DCE,Airbus A330 243F,ETD
89649d,A6-API,A380 861,ETD
89649e,A6-APJ,A380 861,ETD
89649f,A6-EQG,Boeing 777 300ER,UAE
8964a0,A6-EQH,                                                                       Boeing 777-300(ER),UAE
8964a1,A6-EQI,Boeing 777-300(ER),UAE
8964a2,A6-EQJ,777-300(ER),UAE
8964a3,A6-EQK,777-31HER,UAE
8964a4,A6-EQL,B777-300(ER),UAE
8964a5,A6-EQM,Boeing 777-300(ER),UAE
8964a6,A6-EQN,Boeing 777-300(ER),UAE
8964af,A6-EVA,A380 841,UAE
8964b0,A6-EVB,A380 841,UAE
8964b1,A6-EVC,A380 842,UAE
8964b2,A6-EVD,A380 842,UAE
8964b3,A6-EVE,A380-842,UAE
8964b4,A6-EVF,A380-842,UAE
8964b5,A6-EVG,A380-842,UAE
8964b6,A6-EVH,Airbus A380-842,UAE
8964b7,A6-EVI,A380-842,UAE
8964bb,A6-BLK,787 9,ETD
8964bc,A6-BLL,Boeing 787-9 Dreamliner,ETD
8964bd,A6-BLM,787-9 Dreamliner,ETD
8964be,A6-BLN,787 9,ETD
8964bf,A6-BLO,787 9,ETD
8964c0,A6-BLP,B787-9,ETD
8964c1,A6-BLQ,Boeing 787 9,ETD
8964c2,A6-BLR,787-9 Dreamliner,ETD
8964c3,A6-BLS,B787-9,ETD
8964e1,A6-EVJ,A380-842,UAE
8964e2,A6-EVK,A380-842,UAE
8964e3,A6-EVL,A380-842,UAE
8964f9,A6-BLT,787-9 Dreamliner,ETD
8964fa,A6-BLU,B787-9,ETD
8964fb,A6-BLV,B787-9,ETD
8964fd,A6-BMB,787-10 Dreamliner,ETD
8964ff,A6-BMD,787-10 Dreamliner,ETD
89650a,A6-DDF,Boeing 777-F,ETD
896523,A6-EVM,A380-842,UAE
896534,A6-BLW,787-9 Dreamliner,ETD
896535,A6-BLX,787-9 Dreamliner,ETD
896536,A6-BLY,787-9 Dreamliner,ETD
896539,A6-BNB,B787-9,ETD
89655a,A6-EVN,A380-800,UAE
89655b,A6-EVO,A380-842,UAE
89655d,A6-EVQ,A380-842,UAE
89655e,A6-EVR,A380-842,UAE
89655f,A6-EVS,A380-842,UAE
896596,A6-XWA,A350-1041,ETD
896598,A6-XWC,A350-1041,ETD
8965f3,A6-BNE,Boeing 787-9 Dreamliner,ETD
8965f4,A6-BNF,Boeing 787-9 Dreamliner,ETD
8965f5,A6-BNG,Boeing 787-9 Dreamliner,ETD
896614,A6-EFV,Boeing 777-F,UAE
896615,A6-EFW,Boeing 777-F,UAE
896616,A6-EFX,Boeing 777-F,UAE
896617,A6-EFY,Boeing 777-F,UAE
89661e,A6-EXA,Airbus A350-941,UAE
89661f,A6-EXB,Airbus A350-941,UAE
896620,A6-EXC,Airbus A350-941,UAE
896621,A6-EXD,Airbus A350-941,UAE
896622,A6-EXE,Airbus A350-941,UAE
896624,A6-EXG,Airbus A350-941,UAE
896625,A6-EXH,Airbus A350-941,UAE
89662b,A6-ETA,Boeing 777-3FX(ER),ETD
89664c,A6-ETE,Boeing 777-3FX(ER),ETD
896677,A6-AER,Airbus A321-251NX,ETD
896678,A6-AES,Airbus A321-251NX,ETD
896697,A6-AEQ,Airbus A321-251N,ETD
896698,A6-AEP,Airbus A321-251N,ETD
896699,A6-AEO,Airbus A321-251N,ETD
89669a,A6-AEN,Airbus A321-251N,ETD
8966bb,A6-EJB,Airbus A320-251N,ETD
8966c3,A6-BNH,Boeing 787-9 Dreamliner,ETD
8966ce,A6-XWG,Airbus A350-1041,ETD
020118,CN-NMI,A320-214,ABY
02019c,CN-NMS,Airbus A320-214,ABY
02019d,CN-NMT,Airbus A320-214,ABY
706004,9K-AKA,A320 212,KAC
706005,9K-AKB,A320 212,KAC
706006,9K-AKC,A320 212,KAC
706008,9K-ALB,Airbus A310 308,KAC
70600d,9K-AMC,Airbus A300 B4-605R,KAC
70600f,9K-AME,Airbus A300 B4-605R,KAC
706010,9K-ADE,747 469 SCD,KAC
706013,9K-ANA,A340 313,KAC
706015,9K-ANC,A340 313,KAC
706016,9K-AND,A340 313,KAC
706017,9K-AOA,777 269ER,KAC
706018,9K-AOB,Boeing 777 269ER,KAC
706025,9K-AKE,A320 214SL,KAC
706026,9K-AKF,A320 214SL,KAC
706027,9K-AKG,A320 214SL,KAC
706028,9K-AKH,A320 214SL,KAC
706029,9K-AKI,A320 214SL,KAC
70602a,9K-AKJ,A320 214SL,KAC
70602b,9K-AKK,A320 214SL,KAC
70604d,9K-APA,A330 243,KAC
70604e,9K-APB,A330 243,KAC
70604f,9K-APC,A330 243,KAC
706050,9K-APD,A330 243,KAC
706051,9K-APE,A330 243,KAC
706056,9K-AOC,Boeing 777-300(ER),KAC
706057,9K-AOD,Boeing 777-300(ER),KAC
706058,9K-AOE,Boeing 777-300(ER),KAC
706059,9K-AOF,777 300ER,KAC
70605a,9K-AOH,Boeing 777-300(ER),KAC
70605b,9K-AOI,Boeing 777-300(ER),KAC
70605c,9K-AOJ,777 300ER,KAC
70605d,9K-AOK,777 300ER,KAC
70605e,9K-AOL,Boeing 777 300ER,KAC
70605f,9K-AOM,777 300ER,KAC
706067,9K-APG,A330-841,KAC
70606e,9K-AKS,Airbus A320-251N,KAC
70606f,9K-AKT,Airbus A320-251N,KAC
706070,9K-APJ,Airbus A330-941,KAC
706071,9K-APK,Airbus A330-941,KAC
706072,9K-APL,Airbus A330-941,KAC
706074,9K-AQA,Airbus A321-251NX,KAC
894029,A9C-KA,A330 243,GFA
89402a,A9C-KB,A330 243,GFA
89402b,A9C-KC,A330 243,GFA
89402c,A9C-KD,A330 243,GFA
89402d,A9C-KE,A330 243,GFA
89402e,A9C-KF,A330 243,GFA
894059,A9C-AB,A320 214,GFA
89405a,A9C-AC,A320 214,GFA
89405b,A9C-AD,A320 214,GFA
89405c,A9C-AE,A320 214,GFA
89405d,A9C-AF,A320 214,GFA
89405e,A9C-AG,A320 214,GFA
89405f,A9C-AH,A320 214,GFA
894061,A9C-AI,A320 214,GFA
894065,A9C-AJ,A320 214,GFA
894066,A9C-AK,A320 214,GFA
89406d,A9C-AL,A320 214,GFA
89406e,A9C-AM,Airbus A320 214,GFA
89406f,A9C-AN,Airbus A320 214,GFA
894070,A9C-AO,Airbus A320 214,GFA
894074,A9C-CA,A321 231,GFA
894075,A9C-CB,A321 231,GFA
894076,A9C-CC,A321 231,GFA
894077,A9C-AP,Airbus A320 214,GFA
894078,A9C-AQ,Airbus A320 214,GFA
89407a,A9C-CD,A321 231,GFA
89407b,A9C-CE,A321 231,GFA
89407c,A9C-CF,A321 231,GFA
89408e,A9C-FD,787-9 Dreamliner,GFA
894095,A9C-TB,A320-251N,GFA
89409d,A9C-TF,A320-251N,GFA
89409e,A9C-NA,A321-253NX,GFA
8940a2,A9C-NB,,GFA
8940c3,A9C-NF,A321-253NX	,GFA
8940c5,A9C-XA,Airbus A321-253NX,GFA
8940c9,A9C-NG,Airbus A321-253NX,GFA
8940ca,A9C-NH,Airbus A321-253NX,GFA
8940cb,A9C-XB,Airbus A321-253NX,GFA
8940cd,A9C-XC,Airbus A321-253NX,GFA
8940ce,A9C-XD,Airbus A321-253NX,GFA
8940d2,A9C-XE,Airbus A321-253NX,GFA
8940d3,A9C-XF,Airbus A321-253NX(LR),GFA
896266,A6-FDC,Boeing 737NG 8KN/W,FDB
896267,A6-FDD,Boeing 737NG 8KN/W,FDB
896277,A6-FDE,Boeing 737NG 8KN/W,FDB
896295,A6-FDF,Boeing 737NG 8KN/W,FDB
8962aa,A6-FDH,Boeing 737NG 8KN/W,FDB
8962ab,A6-FDI,Boeing 737NG 8KN/W,FDB
8962b5,A6-FDJ,Boeing 737NG 8KN/W,FDB
8962b6,A6-FDK,Boeing 737NG 8KN/W,FDB
8962b7,A6-FDL,Boeing 737NG 8KN/W,FDB
8962b8,A6-FDM,Boeing 737NG 8KN/W,FDB
8962ba,A6-FDO,737NG 8KN/W,FDB
8962bb,A6-FDP,Boeing 737NG 8KN/W,FDB
8962bc,A6-FDQ,Boeing 737NG 8KN/W,FDB
8962bd,A6-FDR,Boeing 737NG 8KN/W,FDB
8962be,A6-FDS,Boeing 737NG 8KN/W,FDB
8962bf,A6-FDT,Boeing 737NG 8KN/W,FDB
8962c0,A6-FDU,Boeing 737NG 8KN/W,FDB
8962c1,A6-FDV,Boeing 737NG 8KN/W,FDB
8962d0,A6-ANA,A320 214,ABY
8962d1,A6-ANB,A320 214,ABY
89632e,A6-FDW,Boeing 737NG 8KN/W,FDB
89632f,A6-FDX,Boeing 737NG 8KN/W,FDB
896330,A6-FDY,Boeing 737NG 8KN/W,FDB
896331,A6-FDZ,737NG 8KN/W,FDB
896332,A6-FEA,737NG 8KN/W,FDB
896333,A6-FEB,737NG 8KN/W,FDB
896334,A6-FEC,737NG 8KN/W,FDB
896335,A6-FED,737NG 8KN/W,FDB
896337,A6-ANH,A320 214,ABY
896338,A6-ANG,A320 214,ABY
89633b,A6-ANI,A320 214,ABY
89634a,A6-ANL,A320 214,ABY
896364,A6-ANM,A320 214SL,ABY
896365,A6-ANN,A320 214SL,ABY
896366,A6-ANO,A320 214SL,ABY
896371,A6-ANP,A320 214SL,ABY
896372,A6-ANQ,A320 214SL,ABY
896376,A6-FEE,737NG 8KN/W,FDB
896377,A6-FEF,Boeing 737NG 8KN/W,FDB
896378,A6-FEG,737NG 8KN/W,FDB
896379,A6-FEH,Boeing 737NG 8KN/W,FDB
89637a,A6-FEI,Boeing 737NG 8KN/W,FDB
89637b,A6-FEJ,737NG 8KN/W,FDB
896382,A6-ANR,A320 214SL,ABY
896383,A6-ANS,A320 214SL,ABY
89638d,A6-ANT,A320 214SL,ABY
89638e,A6-ANU,A320 214SL,ABY
8963ad,A6-FEK,737NG 8KN/W,FDB
8963ae,A6-FEL,Boeing 737NG 8KN/W,FDB
8963af,A6-FEM,737NG 8KN/W,FDB
8963b0,A6-FEN,737NG 8KN/W,FDB
8963b1,A6-FEO,737NG 8KN/W,FDB
8963b2,A6-FEP,737NG 8KN/W,FDB
8963b3,A6-FEQ,737NG 8KN/W,FDB
8963b4,A6-FER,737NG 8KN/W,FDB
8963b5,A6-FES,737NG 8KN/W,FDB
8963b6,A6-FET,737NG 8KN/W,FDB
8963b7,A6-FEU,737NG 8KN/W,FDB
8963b8,A6-FEV,737NG 8KN/W,FDB
8963b9,A6-FEW,737NG 8KN/W,FDB
8963ba,A6-FEX,737NG 8KN/W,FDB
8963bb,A6-FEY,737NG 8KN/W,FDB
8963bc,A6-FEZ,737NG 8KN/W,FDB
8963bd,A6-ANV,A320 214SL,ABY
8963be,A6-ANW,A320 214SL,ABY
8963bf,A6-ANX,A320 214SL,ABY
8963cb,A6-AOA,A320 214SL,ABY
8963ff,A6-AOC,A320 214SL,ABY
896400,A6-AOD,A320 214SL,ABY
896401,A6-AOB,A320 214SL,ABY
896411,A6-AOE,A320 214SL,ABY
896412,A6-AOF,A320 214SL,ABY
896413,A6-AOH,A320 214SL,ABY
89642d,A6-AOJ,A320 214SL,ABY
89642e,A6-AOI,A320 214SL,ABY
896434,A6-AOK,A320 214SL,ABY
896466,A6-AOL,A320 214SL,ABY
896468,A6-FGA,737NG 8KN/W,FDB
896469,A6-FGB,737NG 8KN/W,FDB
89646a,A6-FGC,737NG 8KN/W,FDB
89646b,A6-FGD,737NG 8KN/W,FDB
89646c,A6-FGE,737NG 8KN/W,FDB
896470,A6-AOM,A320 214SL,ABY
896485,A6-AON,A320 214SL,ABY
896486,A6-AOO,A320 214SL,ABY
89648b,A6-FGF,737NG 800/W,FDB
89648c,A6-FGG,737NG 800/W,FDB
89648d,A6-FGH,777-300ER,FDB
89648e,A6-FGI,737NG 800/W,FDB
89648f,A6-FGJ,737-8KN (W),FDB
896496,A6-AOP,A320 214SL,ABY
896497,A6-AOQ,A320 214SL,ABY
8964c6,A6-AOR,A320 214SL,ABY
8964cf,A6-MAX,737MAX 8,FDB
8964d0,A6-FMA,737MAX 8,FDB
8964d1,A6-FMB,737-8 MAX,FDB
8964d9,A6-AOS,A320 214SL,ABY
8964da,A6-AOT,A320 214SL,ABY
896512,A6-FMG,737-8 MAX,FDB
89652d,A6-ATA,A321-251NX,ABY
896530,A6-FMJ,737-8 MAX,FDB
896531,A6-FMK,737-8 MAX,FDB
896533,A6-FML,737-8 MAX,FDB
896558,A6-ATB,A321-251NX,ABY
896559,A6-ATC,,ABY
89656c,A6-FMR,737-8 MAX,FDB
896587,A6-ATE,A321-251NX,ABY
8965d7,A6-FKL,Boeing 737 MAX 8,FDB
896603,A6-FKM,Boeing 737 MAX 8,FDB
896604,A6-FKN,Boeing 737 MAX 8,FDB
896605,A6-FKO,Boeing 737 MAX 8,FDB
896606,A6-FKP,Boeing 737 MAX 8,FDB
896607,A6-FKQ,Boeing 737 MAX 8,FDB
896608,A6-FKR,Boeing 737 MAX 8,FDB
896609,A6-FKS,Boeing 737 MAX 8,FDB
89660a,A6-FKT,Boeing 737 MAX 8,FDB
89660b,A6-FQA,Boeing 737 MAX 8,FDB
89660c,A6-FQB,Boeing 737 MAX 8,FDB
89660d,A6-FQC,Boeing 737 MAX 8,FDB
89662e,A6-AUJ,Airbus A320-214,ABY
896633,A6-AUK,Airbus A320-214,ABY
896643,A6-FQE,Boeing 737 MAX 8,FDB
896644,A6-FQF,Boeing 737 MAX 8,FDB
89664b,A6-AQG,Airbus A320-214,ABY
89665b,A6-AQD,Airbus A320-214,ABY
89665d,A6-AQF,Airbus A320-214,ABY
896665,A6-FQH,Boeing 737 MAX 8,FDB
896668,A6-AQH,Airbus A320-214,ABY
89666a,A6-AQJ,Airbus A320-214,ABY
89668b,A6-AQL,Airbus A320-214,ABY
896690,A6-ABM,Airbus A320-214,ABY
8966a3,A6-AQM,Airbus A320-214,ABY
8966ad,A6-AQN,Airbus A320-214,ABY
8966af,A6-AQP,Airbus A320-214,ABY
8966b0,A6-AQQ,Airbus A320-214,ABY
89670a,A6-AUL,Airbus A320-214,ABY
89670b,A6-AUM,Airbus A320-214,ABY
ac3c25,N888GB,CL-600-2B16,GFA
